Protein pool exchange,Bacteroides_uniformis_ATCC_8492
0 - 0.1,8.178832479437055e-05
0 - 0.2,0.0001635766495887411
0 - 0.3,0.00024536497438311166
0 - 0.4,0.0003271532991774822
0 - 0.5,0.0004089416239718525
0 - 0.6,0.0004907299487662233
0 - 0.7,0.0005725182735605937
0 - 0.8,0.0006543065983549644
0 - 0.9,0.0007360949231493349
0 - 1.0,0.0008178832479437053
