Protein pool exchange,Bacteroides_thetaiotaomicron_VPI_5482
0 - 0.1,3.697367588488856e-05
0 - 0.2,7.394596947063522e-05
0 - 0.3,0.0001109189542059529
0 - 0.4,0.00014789193894127048
0 - 0.5,0.0001848649236765881
0 - 0.6,0.00022183790841190569
0 - 0.7,0.00025881089314722333
0 - 0.8,0.00029578387788254095
0 - 0.9,0.0003327568626178586
0 - 1.0,0.0003697298473531762
