Protein pool exchange,Fusobacterium_nucleatum_subsp_nucleatum_ATCC_25586
0 - 0.1,0.00019482106627602698
0 - 0.2,0.00038964213255205364
0 - 0.3,0.0005844631988280804
0 - 0.4,0.0007792842651041073
0 - 0.5,0.0009741053313801342
0 - 0.6,0.0011689263976561609
0 - 0.7,0.0013637474639321876
0 - 0.8,0.0015585685302082145
0 - 0.9,0.0017533895964842413
0 - 1.0,0.0019482106627602685
