Protein pool exchange,Roseburia_intestinalis_L1_82
0 - 0.1,0.00034140756456391895
0 - 0.2,0.0006828151291278379
0 - 0.3,0.0010242226936917527
0 - 0.4,0.0013656302582556758
0 - 0.5,0.001707037822819589
0 - 0.6,0.0020484453873835053
0 - 0.7,0.002389852951947428
0 - 0.8,0.0027312605165113516
0 - 0.9,0.0030726680810752695
0 - 1.0,0.003414075645639178
