Protein pool exchange,Streptococcus_salivarius_DSM_20560
0 - 0.1,0.00012619790989198688
0 - 0.2,0.0002523958197839735
0 - 0.3,0.0003785937296759604
0 - 0.4,0.000504791639567947
0 - 0.5,0.0006309895494599337
0 - 0.6,0.0007571874593519209
0 - 0.7,0.0008833853692439078
0 - 0.8,0.001009583279135894
0 - 0.9,0.0011357811890278814
0 - 1.0,0.0012619790989198674
